<?xml version="1.0" encoding="UTF-8"?>
<project-private xmlns="http://www.netbeans.org/ns/project-private/1">
    <editor-bookmarks xmlns="http://www.netbeans.org/ns/editor-bookmarks/2" lastBookmarkId="0"/>
    <open-files xmlns="http://www.netbeans.org/ns/projectui-open-files/2">
        <group>
            <file>file:/D:/2017-2018/CPP/Homeworks/241_Object_Oriented_Programing/Hw7/Netbeans/111044014/src/pkg111044014/GTUSet.java</file>
            <file>file:/D:/2017-2018/CPP/Homeworks/241_Object_Oriented_Programing/Hw7/Netbeans/111044014/src/Base.java</file>
            <file>file:/D:/2017-2018/CPP/Homeworks/241_Object_Oriented_Programing/Hw7/Netbeans/111044014/src/pkg111044014/GTUSetInt.java</file>
            <file>file:/D:/2017-2018/CPP/Homeworks/241_Object_Oriented_Programing/Hw7/Netbeans/111044014/src/pkg111044014/GTUMap.java</file>
        </group>
    </open-files>
</project-private>
